{
    "file": "hoteles-admin-ui.modules.json",
    "modules": [
        {
            "name": "datetimepicker",
            "js": [
                "js/moment/moment-with-locales.js",
                "js/moment/locales.js",
                "js/datetimepicker/datetimepicker.js",
                "js/pagination/dirPagination.js"
            ],
            "css": [
                "datetimepicker/datetimepicker.css"
            ],
            "version": "2.80.0",
            "appCode": "hoteles-admin-ui"
        }
    ]
}