{
    "order": 1,
    "file": "hoteles-admin-ui.generated.modules.json",
    "modules": [
        {
            "name": "hoteles-admin-ui-standar-files",
            "js": [
                "js/hoteles-admin-ui/hoteles-admin-ui.angular.js"
            ],
            "css": [
                "hoteles-admin-ui.compliled.styles.css",
                "hoteles-admin-ui.styles.css"
            ],
            "version": "2.80.0",
            "appCode": "hoteles-admin-ui"
        },
        {
            "name": "hoteles-admin-ui-app-files",
            "js": [
                "js/hoteles-admin-ui/hoteles-admin-ui.js"
            ],
            "version": "2.80.0",
            "appCode": "hoteles-admin-ui"
        }
    ]
}