{

    "description": "Berazategui core modules",

    "order":-1,
	
    "modules":[    
        {        
            "name":"security",
            "file":"js/berazategui/services/security.js"        
        },
        {        
            "name":"coreServices",
            "js":["js/berazategui/plugins/didadi.js","js/berazategui/services/language.js", "js/berazategui/services/gds.js"]        
        },
        {
            "name": "angularServices-menus",
            "js": ["js/berazategui/plugins/angular-menu.js" ]
        },
        {
            "name": "angularServices",
            "js": ["js/berazategui/plugins/uiCtrl.js", "js/berazategui/plugins/angular-core.js", "js/berazategui/plugins/langBox.js"]
        }
    ]
}
