{"modules":[{"name":"berazategui-lib-files","js":["js/didadi/didadi.js"]},{"name":"berazategui-home-lib-files","js":[]},{"name":"security","file":"js/berazategui/services/security.js"},{"name":"coreServices","js":["js/berazategui/plugins/didadi.js","js/berazategui/services/language.js","js/berazategui/services/gds.js"]},{"name":"angularServices-menus","js":["js/berazategui/plugins/angular-menu.js"]},{"name":"angularServices","js":["js/berazategui/plugins/uiCtrl.js","js/berazategui/plugins/angular-core.js","js/berazategui/plugins/langBox.js"]},{"name":"berazategui-standar-files","js":["js/berazategui/berazategui.angular.js"],"css":["berazategui.compliled.styles.css","berazategui.styles.css"]},{"name":"berazategui-app-files","js":["js/berazategui/framework.js","js/berazategui/main.js"]},{"name":"berazategui-home-standar-files","js":["js/berazategui-home/berazategui-home.angular.js"],"css":["berazategui-home.compliled.styles.css","berazategui-home.styles.css"]},{"name":"berazategui-home-app-files","js":["js/berazategui-home/home.app.js"]}]}