{
    "modules": [
        {
            "name": "berazategui-home-lib-files",
            "js": []
        },
        {
            "name": "berazategui-lib-files",
            "js": [
                "js/didadi/didadi.js"
            ]
        },
        {
            "name": "berazategui-lib-files",
            "js": [
                "js/didadi/didadi.js"
            ],
            "version": "1.74.0",
            "appCode": "berazategui"
        },
        {
            "name": "hoteles-admin-ui-lib-files",
            "js": [],
            "version": "2.80.0",
            "appCode": "hoteles-admin-ui"
        },
        {
            "name": "security",
            "file": "js/berazategui/services/security.js"
        },
        {
            "name": "coreServices",
            "js": [
                "js/berazategui/plugins/didadi.js",
                "js/berazategui/services/language.js",
                "js/berazategui/services/gds.js"
            ]
        },
        {
            "name": "angularServices-menus",
            "js": [
                "js/berazategui/plugins/angular-menu.js"
            ]
        },
        {
            "name": "angularServices",
            "js": [
                "js/berazategui/plugins/uiCtrl.js",
                "js/berazategui/plugins/angular-core.js",
                "js/berazategui/plugins/langBox.js"
            ]
        },
        {
            "name": "security",
            "file": "js/berazategui/services/security.js",
            "appCode": "berazategui",
            "version": "1.74.0"
        },
        {
            "name": "coreServices",
            "js": [
                "js/berazategui/plugins/didadi.js",
                "js/berazategui/services/language.js",
                "js/berazategui/services/gds.js"
            ],
            "appCode": "berazategui",
            "version": "1.74.0"
        },
        {
            "name": "angularServices-menus",
            "js": [
                "js/berazategui/plugins/angular-menu.js"
            ],
            "appCode": "berazategui",
            "version": "1.74.0"
        },
        {
            "name": "angularServices",
            "js": [
                "js/berazategui/plugins/uiCtrl.js",
                "js/berazategui/plugins/angular-core.js",
                "js/berazategui/plugins/langBox.js"
            ],
            "appCode": "berazategui",
            "version": "1.74.0"
        },
        {
            "name": "berazategui-home-standar-files",
            "js": [
                "js/berazategui-home/berazategui-home.angular.js"
            ],
            "css": [
                "berazategui-home.compliled.styles.css",
                "berazategui-home.styles.css"
            ]
        },
        {
            "name": "berazategui-home-app-files",
            "js": [
                "js/berazategui-home/home.app.js"
            ]
        },
        {
            "name": "berazategui-standar-files",
            "js": [
                "js/berazategui/berazategui.angular.js"
            ],
            "css": [
                "berazategui.compliled.styles.css",
                "berazategui.styles.css"
            ]
        },
        {
            "name": "berazategui-app-files",
            "js": [
                "js/berazategui/framework.js",
                "js/berazategui/main.js"
            ]
        },
        {
            "name": "berazategui-standar-files",
            "js": [
                "js/berazategui/berazategui.angular.js"
            ],
            "css": [
                "berazategui.compliled.styles.css",
                "berazategui.styles.css"
            ],
            "version": "1.74.0",
            "appCode": "berazategui"
        },
        {
            "name": "berazategui-app-files",
            "js": [
                "js/berazategui/directives/angular-ui-switch.js",
                "js/berazategui/directives/dateTimePicker.js",
                "js/berazategui/framework.js",
                "js/berazategui/main.js",
                "js/berazategui/plugins/konami.js"
            ],
            "version": "1.74.0",
            "appCode": "berazategui"
        },
        {
            "name": "hoteles-admin-ui-standar-files",
            "js": [
                "js/hoteles-admin-ui/hoteles-admin-ui.angular.js"
            ],
            "css": [
                "hoteles-admin-ui.compliled.styles.css",
                "hoteles-admin-ui.styles.css"
            ],
            "version": "2.80.0",
            "appCode": "hoteles-admin-ui"
        },
        {
            "name": "hoteles-admin-ui-app-files",
            "js": [
                "js/hoteles-admin-ui/hoteles-admin-ui.js"
            ],
            "version": "2.80.0",
            "appCode": "hoteles-admin-ui"
        },
        {
            "name": "datetimepicker",
            "js": [
                "js/moment/moment-with-locales.js",
                "js/moment/locales.js",
                "js/datetimepicker/datetimepicker.js",
                "js/pagination/dirPagination.js"
            ],
            "css": [
                "datetimepicker/datetimepicker.css"
            ],
            "version": "2.80.0",
            "appCode": "hoteles-admin-ui"
        }
    ]
}