{
    "nexusDeployer": {
        "release": {
            "options": {
                "groupId": "<%= pkg.groupId %>",
                "artifactId": "<%= pkg.name %>",
                "version": "<%= pkg.version %>",
                "packaging": "tgz",
                "auth": {
                    "username":"admin",
                    "password":"admin123"
                },
                "pomDir": ".tmp/poms",
                "url": "http://nexus.devtrip.com.ar/content/repositories/releases",
                "artifact": "export/<%= pkg.name %>-<%= pkg.version %>.tar.gz",
                "noproxy": "localhost",
                "cwd": "",
                "parallel":false,
                "quiet": true
            }
        },
        "snapshot": {
            "options": {
                "groupId": "<%= pkg.groupId %>",
                "artifactId": "<%= pkg.name %>",
                "version": "<%= pkg.version %>-SNAPSHOT",
                "packaging": "tgz",
                "auth": {
                    "username":"admin",
                    "password":"admin123"
                },
                "pomDir": ".tmp/poms",
                "url": "http://nexus.devtrip.com.ar/content/repositories/snapshots",
                "artifact": "export/<%= pkg.name %>-<%= pkg.version %>.tar.gz",
                "noproxy": "localhost",
                "cwd": "",
                "parallel":false,
                "quiet": true
            }
        }
    }
}
