{
    "modules": [
        {
            "name": "berazategui-lib-files",
            "js": [
                "js/didadi/didadi.js"
            ],
            "version": "1.74.0",
            "appCode": "berazategui"
        },
        {
            "name": "security",
            "file": "js/berazategui/services/security.js",
            "appCode": "berazategui",
            "version": "1.71.0"
        },
        {
            "name": "coreServices",
            "js": [
                "js/berazategui/plugins/didadi.js",
                "js/berazategui/services/language.js",
                "js/berazategui/services/gds.js"
            ],
            "appCode": "berazategui",
            "version": "1.71.0"
        },
        {
            "name": "angularServices-menus",
            "js": [
                "js/berazategui/plugins/angular-menu.js"
            ],
            "appCode": "berazategui",
            "version": "1.71.0"
        },
        {
            "name": "angularServices",
            "js": [
                "js/berazategui/plugins/uiCtrl.js",
                "js/berazategui/plugins/angular-core.js",
                "js/berazategui/plugins/langBox.js"
            ],
            "appCode": "berazategui",
            "version": "1.71.0"
        },
        {
            "name": "berazategui-standar-files",
            "js": [
                "js/berazategui/berazategui.angular.js"
            ],
            "css": [
                "berazategui.compliled.styles.css",
                "berazategui.styles.css"
            ],
            "version": "1.74.0",
            "appCode": "berazategui"
        },
        {
            "name": "berazategui-app-files",
            "js": [
                "js/berazategui/directives/angular-ui-switch.js",
                "js/berazategui/directives/dateTimePicker.js",
                "js/berazategui/framework.js",
                "js/berazategui/main.js",
                "js/berazategui/plugins/konami.js"
            ],
            "version": "1.74.0",
            "appCode": "berazategui"
        }
    ]
}