{
    "order": 1,
    "file": "berazategui.generated.modules.json",
    "modules": [
        {
            "name": "berazategui-standar-files",
            "js": [
                "js/berazategui/berazategui.angular.js"
            ],
            "css": [
                "berazategui.compliled.styles.css",
                "berazategui.styles.css"
            ],
            "version": "1.74.0",
            "appCode": "berazategui"
        },
        {
            "name": "berazategui-app-files",
            "js": [
                "js/berazategui/directives/angular-ui-switch.js",
                "js/berazategui/directives/dateTimePicker.js",
                "js/berazategui/framework.js",
                "js/berazategui/main.js",
                "js/berazategui/plugins/konami.js"
            ],
            "version": "1.74.0",
            "appCode": "berazategui"
        }
    ]
}